STATION,NAME,LATITUDE,LONGITUDE,ELEVATION,DATE,TAVGF,TAVG_ATTRIBUTES,TMAXF,TMAX_ATTRIBUTES,TMINF,TMIN_ATTRIBUTES,,,TAVG,TMAX,TMIN
CHM00054511,"BEIJING, CH",39.933,116.283,55,2020/8/16,78,"H,,S",88,",,S",74,",,S",,,26,31,23
CHM00054511,"BEIJING, CH",39.933,116.283,55,2020/8/17,77,"H,,S",81,",,S",75,",,S",,,25,27,24
CHM00054511,"BEIJING, CH",39.933,116.283,55,2020/8/18,73,"H,,S",81,",,S",,,,,23,27,
CHM00054511,"BEIJING, CH",39.933,116.283,55,2020/8/19,74,"H,,S",80,",,S",,,,,23,27,
CHM00054511,"BEIJING, CH",39.933,116.283,55,2020/8/20,73,"H,,S",,,64,",,S",,,23,,18
CHM00054511,"BEIJING, CH",39.933,116.283,55,2020/8/21,74,"H,,S",,,63,",,S",,,23,,17
CHM00054511,"BEIJING, CH",39.933,116.283,55,2020/8/22,75,"H,,S",83,",,S",65,",,S",,,24,28,18
CHM00054511,"BEIJING, CH",39.933,116.283,55,2020/8/23,75,"H,,S",,,67,",,S",,,24,,19
CHM00054511,"BEIJING, CH",39.933,116.283,55,2020/8/24,78,"H,,S",,,67,",,S",,,26,,19
CHM00054511,"BEIJING, CH",39.933,116.283,55,2020/8/25,82,"H,,S",,,,,,,28,,
CHM00054511,"BEIJING, CH",39.933,116.283,55,2020/8/26,78,"H,,S",93,",,S",,,,,26,34,
CHM00054511,"BEIJING, CH",39.933,116.283,55,2020/8/27,78,"H,,S",90,",,S",,,,,26,32,
CHM00054511,"BEIJING, CH",39.933,116.283,55,2020/8/28,79,"H,,S",90,",,S",69,",,S",,,26,32,21
CHM00054511,"BEIJING, CH",39.933,116.283,55,2020/8/29,80,"H,,S",87,",,S",74,",,S",,,27,31,23
CHM00054511,"BEIJING, CH",39.933,116.283,55,2020/8/30,78,"H,,S",87,",,S",,,,,26,31,
CHM00054511,"BEIJING, CH",39.933,116.283,55,2020/8/31,71,"H,,S",87,",,S",,,,,22,31,
CHM00054511,"BEIJING, CH",39.933,116.283,55,2020/9/1,76,"H,,S",,,,,,,24,,
CHM00054511,"BEIJING, CH",39.933,116.283,55,2020/9/2,73,"H,,S",92,",,S",,,,,23,33,
CHM00054511,"BEIJING, CH",39.933,116.283,55,2020/9/3,69,"H,,S",,,,,,,21,,
CHM00054511,"BEIJING, CH",39.933,116.283,55,2020/9/4,73,"H,,S",86,",,S",60,",,S",,,23,30,16
CHM00054511,"BEIJING, CH",39.933,116.283,55,2020/9/5,75,"H,,S",88,",,S",65,",,S",,,24,31,18
CHM00054511,"BEIJING, CH",39.933,116.283,55,2020/9/6,76,"H,,S",88,",,S",,,,,24,31,
CHM00054511,"BEIJING, CH",39.933,116.283,55,2020/9/7,76,"H,,S",,,,,,,24,,
CHM00054511,"BEIJING, CH",39.933,116.283,55,2020/9/8,76,"H,,S",89,",,S",,,,,24,32,
CHM00054511,"BEIJING, CH",39.933,116.283,55,2020/9/9,76,"H,,S",88,",,S",,,,,24,31,
CHM00054511,"BEIJING, CH",39.933,116.283,55,2020/9/10,70,"H,,S",88,",,S",,,,,21,31,
CHM00054511,"BEIJING, CH",39.933,116.283,55,2020/9/11,72,"H,,S",80,",,S",,,,,22,27,
CHM00054511,"BEIJING, CH",39.933,116.283,55,2020/9/12,70,"H,,S",,,,,,,21,,
CHM00054511,"BEIJING, CH",39.933,116.283,55,2020/9/13,74,"H,,S",,,64,",,S",,,23,,18
CHM00054511,"BEIJING, CH",39.933,116.283,55,2020/9/14,72,"H,,S",81,",,S",68,",,S",,,22,27,20
CHM00054511,"BEIJING, CH",39.933,116.283,55,2020/9/15,65,"H,,S",78,",,S",,,,,18,26,
CHM00054511,"BEIJING, CH",39.933,116.283,55,2020/9/16,72,"H,,S",80,",,S",,,,,22,27,
CHM00054511,"BEIJING, CH",39.933,116.283,55,2020/9/17,67,"H,,S",,,,,,,19,,
CHM00054511,"BEIJING, CH",39.933,116.283,55,2020/9/18,67,"H,,S",83,",,S",,,,,19,28,
CHM00054511,"BEIJING, CH",39.933,116.283,55,2020/9/19,69,"H,,S",84,",,S",55,",,S",,,21,29,13
CHM00054511,"BEIJING, CH",39.933,116.283,55,2020/9/20,69,"H,,S",84,",,S",,,,,21,29,
CHM00054511,"BEIJING, CH",39.933,116.283,55,2020/9/21,69,"H,,S",80,",,S",,,,,21,27,
CHM00054511,"BEIJING, CH",39.933,116.283,55,2020/9/22,70,"H,,S",,,,,,,21,,
CHM00054511,"BEIJING, CH",39.933,116.283,55,2020/9/23,63,"H,,S",80,",,S",,,,,17,27,
CHM00054511,"BEIJING, CH",39.933,116.283,55,2020/9/24,64,"H,,S",76,",,S",,,,,18,24,
CHM00054511,"BEIJING, CH",39.933,116.283,55,2020/9/25,66,"H,,S",,,,,,,19,,
CHM00054511,"BEIJING, CH",39.933,116.283,55,2020/9/26,67,"H,,S",,,,,,,19,,
CHM00054511,"BEIJING, CH",39.933,116.283,55,2020/9/27,67,"H,,S",,,,,,,19,,
CHM00054511,"BEIJING, CH",39.933,116.283,55,2020/9/28,69,"H,,S",79,",,S",,,,,21,26,
CHM00054511,"BEIJING, CH",39.933,116.283,55,2020/9/29,58,"H,,S",77,",,S",,,,,14,25,
CHM00054511,"BEIJING, CH",39.933,116.283,55,2020/9/30,63,"H,,S",,,51,",,S",,,17,,11
CHM00054511,"BEIJING, CH",39.933,116.283,55,2020/10/1,60,"H,,S",69,",,S",,,,,16,21,
CHM00054511,"BEIJING, CH",39.933,116.283,55,2020/10/2,58,"H,,S",,,,,,,14,,
CHM00054511,"BEIJING, CH",39.933,116.283,55,2020/10/3,61,"H,,S",,,47,",,S",,,16,,8
CHM00054511,"BEIJING, CH",39.933,116.283,55,2020/10/4,58,"H,,S",73,",,S",,,,,14,23,
CHM00054511,"BEIJING, CH",39.933,116.283,55,2020/10/5,53,"H,,S",,,,,,,12,,
CHM00054511,"BEIJING, CH",39.933,116.283,55,2020/10/6,57,"H,,S",70,",,S",43,",,S",,,14,21,6
CHM00054511,"BEIJING, CH",39.933,116.283,55,2020/10/7,56,"H,,S",72,",,S",,,,,13,22,
CHM00054511,"BEIJING, CH",39.933,116.283,55,2020/10/8,58,"H,,S",72,",,S",48,",,S",,,14,22,9
CHM00054511,"BEIJING, CH",39.933,116.283,55,2020/10/9,58,"H,,S",,,,,,,14,,
CHM00054511,"BEIJING, CH",39.933,116.283,55,2020/10/10,62,"H,,S",74,",,S",52,",,S",,,17,23,11
CHM00054511,"BEIJING, CH",39.933,116.283,55,2020/10/11,55,"H,,S",74,",,S",,,,,13,23,
CHM00054511,"BEIJING, CH",39.933,116.283,55,2020/10/12,52,"H,,S",66,",,S",,,,,11,19,
CHM00054511,"BEIJING, CH",39.933,116.283,55,2020/10/13,59,"H,,S",,,43,",,S",,,15,,6
CHM00054511,"BEIJING, CH",39.933,116.283,55,2020/10/14,47,"H,,S",70,",,S",,,,,8,21,
CHM00054511,"BEIJING, CH",39.933,116.283,55,2020/10/15,56,"H,,S",,,39,",,S",,,13,,4
CHM00054511,"BEIJING, CH",39.933,116.283,55,2020/10/16,54,"H,,S",,,,,,,12,,
CHM00054511,"BEIJING, CH",39.933,116.283,55,2020/10/17,54,"H,,S",,,,,,,12,,
CHM00054511,"BEIJING, CH",39.933,116.283,55,2020/10/18,53,"H,,S",73,",,S",,,,,12,23,
CHM00054511,"BEIJING, CH",39.933,116.283,55,2020/10/19,55,"H,,S",,,,,,,13,,
CHM00054511,"BEIJING, CH",39.933,116.283,55,2020/10/20,55,"H,,S",72,",,S",45,",,S",,,13,22,7
CHM00054511,"BEIJING, CH",39.933,116.283,55,2020/10/21,48,"H,,S",63,",,S",,,,,9,17,
CHM00054511,"BEIJING, CH",39.933,116.283,55,2020/10/22,51,"H,,S",,,,,,,11,,
CHM00054511,"BEIJING, CH",39.933,116.283,55,2020/10/23,49,"H,,S",64,",,S",,,,,9,18,
CHM00054511,"BEIJING, CH",39.933,116.283,55,2020/10/24,51,"H,,S",68,",,S",36,",,S",,,11,20,2
CHM00054511,"BEIJING, CH",39.933,116.283,55,2020/10/25,52,"H,,S",68,",,S",,,,,11,20,
CHM00054511,"BEIJING, CH",39.933,116.283,55,2020/10/26,59,"H,,S",,,,,,,15,,
CHM00054511,"BEIJING, CH",39.933,116.283,55,2020/10/27,49,"H,,S",71,",,S",,,,,9,22,
CHM00054511,"BEIJING, CH",39.933,116.283,55,2020/10/28,50,"H,,S",,,,,,,10,,
CHM00054511,"BEIJING, CH",39.933,116.283,55,2020/10/29,46,"H,,S",66,",,S",,,,,8,19,
CHM00054511,"BEIJING, CH",39.933,116.283,55,2020/10/30,53,"H,,S",66,",,S",37,",,S",,,12,19,3
CHM00054511,"BEIJING, CH",39.933,116.283,55,2020/10/31,56,"H,,S",67,",,S",42,",,S",,,13,19,6
CHM00054511,"BEIJING, CH",39.933,116.283,55,2020/11/1,53,"H,,S",67,",,S",,,,,12,19,
CHM00054511,"BEIJING, CH",39.933,116.283,55,2020/11/2,43,"H,,S",64,",,S",,,,,6,18,
CHM00054511,"BEIJING, CH",39.933,116.283,55,2020/11/3,41,"H,,S",57,",,S",,,,,5,14,
CHM00054511,"BEIJING, CH",39.933,116.283,55,2020/11/4,42,"H,,S",59,",,S",,,,,6,15,
CHM00054511,"BEIJING, CH",39.933,116.283,55,2020/11/5,47,"H,,S",,,,,,,8,,
CHM00054511,"BEIJING, CH",39.933,116.283,55,2020/11/6,51,"H,,S",,,38,",,S",,,11,,3
CHM00054511,"BEIJING, CH",39.933,116.283,55,2020/11/7,55,"H,,S",67,",,S",39,",,S",,,13,19,4
CHM00054511,"BEIJING, CH",39.933,116.283,55,2020/11/8,46,"H,,S",67,",,S",,,,,8,19,
CHM00054511,"BEIJING, CH",39.933,116.283,55,2020/11/9,45,"H,,S",61,",,S",,,,,7,16,
CHM00054511,"BEIJING, CH",39.933,116.283,55,2020/11/10,45,"H,,S",64,",,S",,,,,7,18,
CHM00054511,"BEIJING, CH",39.933,116.283,55,2020/11/11,45,"H,,S",64,",,S",36,",,S",,,7,18,2
CHM00054511,"BEIJING, CH",39.933,116.283,55,2020/11/12,51,"H,,S",,,37,",,S",,,11,,3
CHM00054511,"BEIJING, CH",39.933,116.283,55,2020/11/13,48,"H,,S",69,",,S",,,,,9,21,
CHM00054511,"BEIJING, CH",39.933,116.283,55,2020/11/14,45,"H,,S",62,",,S",,,,,7,17,
CHM00054511,"BEIJING, CH",39.933,116.283,55,2020/11/15,44,"H,,S",61,",,S",,,,,7,16,
CHM00054511,"BEIJING, CH",39.933,116.283,55,2020/11/16,51,"H,,S",61,",,S",40,",,S",,,11,16,4
CHM00054511,"BEIJING, CH",39.933,116.283,55,2020/11/17,50,"H,,S",56,",,S",46,",,S",,,10,13,8
CHM00054511,"BEIJING, CH",39.933,116.283,55,2020/11/18,46,"H,,S",52,",,S",,,,,8,11,
CHM00054511,"BEIJING, CH",39.933,116.283,55,2020/11/19,39,"H,,S",52,",,S",,,,,4,11,
CHM00054511,"BEIJING, CH",39.933,116.283,55,2020/11/20,37,"H,,S",50,",,S",,,,,3,10,
CHM00054511,"BEIJING, CH",39.933,116.283,55,2020/11/21,34,"H,,S",47,",,S",,,,,1,8,
CHM00054511,"BEIJING, CH",39.933,116.283,55,2020/11/22,34,"H,,S",,,,,,,1,,
CHM00054511,"BEIJING, CH",39.933,116.283,55,2020/11/23,34,"H,,S",,,,,,,1,,
CHM00054511,"BEIJING, CH",39.933,116.283,55,2020/11/24,33,"H,,S",,,,,,,1,,
CHM00054511,"BEIJING, CH",39.933,116.283,55,2020/11/25,36,"H,,S",46,",,S",,,,,2,8,
CHM00054511,"BEIJING, CH",39.933,116.283,55,2020/11/26,32,"H,,S",44,",,S",,,,,0,7,
CHM00054511,"BEIJING, CH",39.933,116.283,55,2020/11/27,34,"H,,S",,,,,,,1,,
CHM00054511,"BEIJING, CH",39.933,116.283,55,2020/11/28,27,"H,,S",42,",,S",,,,,-3,6,
CHM00054511,"BEIJING, CH",39.933,116.283,55,2020/11/29,33,"H,,S",,,23,",,S",,,1,,-5
CHM00054511,"BEIJING, CH",39.933,116.283,55,2020/11/30,28,"H,,S",43,",,S",,,,,-2,6,
CHM00054511,"BEIJING, CH",39.933,116.283,55,2020/12/1,30,"H,,S",41,",,S",,,,,-1,5,
CHM00054511,"BEIJING, CH",39.933,116.283,55,2020/12/2,29,"H,,S",38,",,S",,,,,-2,3,
CHM00054511,"BEIJING, CH",39.933,116.283,55,2020/12/3,32,"H,,S",40,",,S",,,,,0,4,
CHM00054511,"BEIJING, CH",39.933,116.283,55,2020/12/4,29,"H,,S",40,",,S",,,,,-2,4,
CHM00054511,"BEIJING, CH",39.933,116.283,55,2020/12/5,30,"H,,S",,,,,,,-1,,
CHM00054511,"BEIJING, CH",39.933,116.283,55,2020/12/6,32,"H,,S",43,",,S",,,,,0,6,
CHM00054511,"BEIJING, CH",39.933,116.283,55,2020/12/7,26,"H,,S",43,",,S",,,,,-3,6,
CHM00054511,"BEIJING, CH",39.933,116.283,55,2020/12/8,28,"H,,S",36,",,S",15,",,S",,,-2,2,-9
CHM00054511,"BEIJING, CH",39.933,116.283,55,2020/12/9,24,"H,,S",38,",,S",,,,,-4,3,
CHM00054511,"BEIJING, CH",39.933,116.283,55,2020/12/10,33,"H,,S",,,,,,,1,,
CHM00054511,"BEIJING, CH",39.933,116.283,55,2020/12/11,30,"H,,S",45,",,S",,,,,-1,7,
CHM00054511,"BEIJING, CH",39.933,116.283,55,2020/12/12,31,"H,,S",44,",,S",,,,,-1,7,
CHM00054511,"BEIJING, CH",39.933,116.283,55,2020/12/13,20,"H,,S",36,",,S",,,,,-7,2,
CHM00054511,"BEIJING, CH",39.933,116.283,55,2020/12/14,19,"H,,S",32,",,S",,,,,-7,0,
CHM00054511,"BEIJING, CH",39.933,116.283,55,2020/12/15,22,"H,,S",32,",,S",,,,,-6,0,
CHM00054511,"BEIJING, CH",39.933,116.283,55,2020/12/16,24,"H,,S",,,,,,,-4,,
CHM00054511,"BEIJING, CH",39.933,116.283,55,2020/12/17,25,"H,,S",38,",,S",16,",,S",,,-4,3,-9
CHM00054511,"BEIJING, CH",39.933,116.283,55,2020/12/18,20,"H,,S",38,",,S",,,,,-7,3,
CHM00054511,"BEIJING, CH",39.933,116.283,55,2020/12/19,23,"H,,S",38,",,S",,,,,-5,3,
CHM00054511,"BEIJING, CH",39.933,116.283,55,2020/12/20,25,"H,,S",41,",,S",,,,,-4,5,
CHM00054511,"BEIJING, CH",39.933,116.283,55,2020/12/21,26,"H,,S",,,,,,,-3,,
CHM00054511,"BEIJING, CH",39.933,116.283,55,2020/12/22,29,"H,,S",44,",,S",,,,,-2,7,
CHM00054511,"BEIJING, CH",39.933,116.283,55,2020/12/23,34,"H,,S",45,",,S",18,",,S",,,1,7,-8
CHM00054511,"BEIJING, CH",39.933,116.283,55,2020/12/24,28,"H,,S",45,",,S",,,,,-2,7,
CHM00054511,"BEIJING, CH",39.933,116.283,55,2020/12/25,26,"H,,S",,,,,,,-3,,
CHM00054511,"BEIJING, CH",39.933,116.283,55,2020/12/26,25,"H,,S",46,",,S",,,,,-4,8,
CHM00054511,"BEIJING, CH",39.933,116.283,55,2020/12/27,30,"H,,S",45,",,S",19,",,S",,,-1,7,-7
CHM00054511,"BEIJING, CH",39.933,116.283,55,2020/12/28,26,"H,,S",45,",,S",,,,,-3,7,
CHM00054511,"BEIJING, CH",39.933,116.283,55,2020/12/29,11,"H,,S",36,",,S",,,,,-12,2,
CHM00054511,"BEIJING, CH",39.933,116.283,55,2020/12/30,16,"H,,S",22,",,S",,,,,-9,-6,
CHM00054511,"BEIJING, CH",39.933,116.283,55,2020/12/31,21,"H,,S",,,,,,,-6,,
CHM00054511,"BEIJING, CH",39.933,116.283,55,2021/1/1,19,"H,,S",35,",,S",,,,,-7,2,
CHM00054511,"BEIJING, CH",39.933,116.283,55,2021/1/2,23,"H,,S",35,",,S",,,,,-5,2,
CHM00054511,"BEIJING, CH",39.933,116.283,55,2021/1/3,20,"H,,S",33,",,S",,,,,-7,1,
CHM00054511,"BEIJING, CH",39.933,116.283,55,2021/1/4,22,"H,,S",32,",,S",,,,,-6,0,
CHM00054511,"BEIJING, CH",39.933,116.283,55,2021/1/5,19,"H,,S",32,",,S",,,,,-7,0,
CHM00054511,"BEIJING, CH",39.933,116.283,55,2021/1/6,4,"H,,S",28,",,S",,,,,-16,-2,
CHM00054511,"BEIJING, CH",39.933,116.283,55,2021/1/7,8,"H,,S",,,,,,,-13,,
CHM00054511,"BEIJING, CH",39.933,116.283,55,2021/1/8,19,"H,,S",27,",,S",,,,,-7,-3,
CHM00054511,"BEIJING, CH",39.933,116.283,55,2021/1/9,26,"H,,S",35,",,S",,,,,-3,2,
CHM00054511,"BEIJING, CH",39.933,116.283,55,2021/1/10,28,"H,,S",,,15,",,S",,,-2,,-9
CHM00054511,"BEIJING, CH",39.933,116.283,55,2021/1/11,24,"H,,S",36,",,S",,,,,-4,2,
CHM00054511,"BEIJING, CH",39.933,116.283,55,2021/1/12,24,"H,,S",,,,,,,-4,,
CHM00054511,"BEIJING, CH",39.933,116.283,55,2021/1/13,33,"H,,S",47,",,S",,,,,1,8,
CHM00054511,"BEIJING, CH",39.933,116.283,55,2021/1/14,30,"H,,S",47,",,S",,,,,-1,8,
CHM00054511,"BEIJING, CH",39.933,116.283,55,2021/1/15,25,"H,,S",38,",,S",,,,,-4,3,
CHM00054511,"BEIJING, CH",39.933,116.283,55,2021/1/16,23,"H,,S",38,",,S",,,,,-5,3,
CHM00054511,"BEIJING, CH",39.933,116.283,55,2021/1/17,25,"H,,S",38,",,S",,,,,-4,3,
CHM00054511,"BEIJING, CH",39.933,116.283,55,2021/1/18,27,"H,,S",,,,,,,-3,,
CHM00054511,"BEIJING, CH",39.933,116.283,55,2021/1/19,21,"H,,S",42,",,S",,,,,-6,6,
CHM00054511,"BEIJING, CH",39.933,116.283,55,2021/1/20,24,"H,,S",35,",,S",16,",,S",,,-4,2,-9
CHM00054511,"BEIJING, CH",39.933,116.283,55,2021/1/21,28,"H,,S",,,,,,,-2,,
CHM00054511,"BEIJING, CH",39.933,116.283,55,2021/1/22,25,"H,,S",42,",,S",,,,,-4,6,
CHM00054511,"BEIJING, CH",39.933,116.283,55,2021/1/23,24,"H,,S",41,",,S",,,,,-4,5,
CHM00054511,"BEIJING, CH",39.933,116.283,55,2021/1/24,29,"H,,S",41,",,S",20,",,S",,,-2,5,-7
CHM00054511,"BEIJING, CH",39.933,116.283,55,2021/1/25,26,"H,,S",41,",,S",,,,,-3,5,
CHM00054511,"BEIJING, CH",39.933,116.283,55,2021/1/26,30,"H,,S",,,,,,,-1,,
CHM00054511,"BEIJING, CH",39.933,116.283,55,2021/1/27,31,"H,,S",44,",,S",,,,,-1,7,
CHM00054511,"BEIJING, CH",39.933,116.283,55,2021/1/28,17,"H,,S",38,",,S",,,,,-8,3,
CHM00054511,"BEIJING, CH",39.933,116.283,55,2021/1/29,20,"H,,S",33,",,S",,,,,-7,1,
CHM00054511,"BEIJING, CH",39.933,116.283,55,2021/1/30,28,"H,,S",45,",,S",,,,,-2,7,
CHM00054511,"BEIJING, CH",39.933,116.283,55,2021/1/31,24,"H,,S",45,",,S",,,,,-4,7,
CHM00054511,"BEIJING, CH",39.933,116.283,55,2021/2/1,27,"H,,S",40,",,S",,,,,-3,4,
CHM00054511,"BEIJING, CH",39.933,116.283,55,2021/2/2,22,"H,,S",37,",,S",,,,,-6,3,
CHM00054511,"BEIJING, CH",39.933,116.283,55,2021/2/3,26,"H,,S",46,",,S",,,,,-3,8,
CHM00054511,"BEIJING, CH",39.933,116.283,55,2021/2/4,30,"H,,S",51,",,S",,,,,-1,11,
CHM00054511,"BEIJING, CH",39.933,116.283,55,2021/2/5,40,"H,,S",60,",,S",,,,,4,16,
CHM00054511,"BEIJING, CH",39.933,116.283,55,2021/2/6,43,"H,,S",62,",,S",,,,,6,17,
CHM00054511,"BEIJING, CH",39.933,116.283,55,2021/2/7,30,"H,,S",,,,,,,-1,,
CHM00054511,"BEIJING, CH",39.933,116.283,55,2021/2/8,30,"H,,S",46,",,S",,,,,-1,8,
CHM00054511,"BEIJING, CH",39.933,116.283,55,2021/2/9,31,"H,,S",50,",,S",,,,,-1,10,
CHM00054511,"BEIJING, CH",39.933,116.283,55,2021/2/10,44,"H,,S",,,,,,,7,,
CHM00054511,"BEIJING, CH",39.933,116.283,55,2021/2/13,37,"H,,S",46,",,S",,,,,3,8,
CHM00054511,"BEIJING, CH",39.933,116.283,55,2021/2/14,33,"H,,S",46,",,S",,,,,1,8,
CHM00054511,"BEIJING, CH",39.933,116.283,55,2021/2/15,33,"H,,S",43,",,S",,,,,1,6,
CHM00054511,"BEIJING, CH",39.933,116.283,55,2021/2/16,25,"H,,S",43,",,S",,,,,-4,6,
CHM00054511,"BEIJING, CH",39.933,116.283,55,2021/2/17,24,"H,,S",38,",,S",,,,,-4,3,
CHM00054511,"BEIJING, CH",39.933,116.283,55,2021/2/18,29,"H,,S",45,",,S",17,",,S",,,-2,7,-8
CHM00054511,"BEIJING, CH",39.933,116.283,55,2021/2/19,48,"H,,S",,,24,",,S",,,9,,-4
CHM00054511,"BEIJING, CH",39.933,116.283,55,2021/2/21,53,"H,,S",78,",,S",36,",,S",,,12,26,2
CHM00054511,"BEIJING, CH",39.933,116.283,55,2021/2/22,42,"H,,S",,,,,,,6,,
CHM00054511,"BEIJING, CH",39.933,116.283,55,2021/2/23,31,"H,,S",55,",,S",,,,,-1,13,
CHM00054511,"BEIJING, CH",39.933,116.283,55,2021/2/24,31,"H,,S",42,",,S",,,,,-1,6,
CHM00054511,"BEIJING, CH",39.933,116.283,55,2021/2/25,35,"H,,S",,,,,,,2,,
CHM00054511,"BEIJING, CH",39.933,116.283,55,2021/2/26,38,"H,,S",52,",,S",,,,,3,11,
CHM00054511,"BEIJING, CH",39.933,116.283,55,2021/2/27,42,"H,,S",53,",,S",26,",,S",,,6,12,-3
CHM00054511,"BEIJING, CH",39.933,116.283,55,2021/2/28,38,"H,,S",53,",,S",,,,,3,12,
CHM00054511,"BEIJING, CH",39.933,116.283,55,2021/3/1,37,"H,,S",,,30,",,S",,,3,,-1
CHM00054511,"BEIJING, CH",39.933,116.283,55,2021/3/2,38,"H,,S",41,",,S",30,",,S",,,3,5,-1
CHM00054511,"BEIJING, CH",39.933,116.283,55,2021/3/3,41,"H,,S",,,35,",,S",,,5,,2
CHM00054511,"BEIJING, CH",39.933,116.283,55,2021/3/4,42,"H,,S",52,",,S",36,",,S",,,6,11,2
CHM00054511,"BEIJING, CH",39.933,116.283,55,2021/3/5,40,"H,,S",52,",,S",34,",,S",,,4,11,1
CHM00054511,"BEIJING, CH",39.933,116.283,55,2021/3/6,32,"H,,S",49,",,S",,,,,0,9,
CHM00054511,"BEIJING, CH",39.933,116.283,55,2021/3/7,36,"H,,S",47,",,S",26,",,S",,,2,8,-3
CHM00054511,"BEIJING, CH",39.933,116.283,55,2021/3/8,38,"H,,S",51,",,S",28,",,S",,,3,11,-2
CHM00054511,"BEIJING, CH",39.933,116.283,55,2021/3/9,46,"H,,S",59,",,S",33,",,S",,,8,15,1
CHM00054511,"BEIJING, CH",39.933,116.283,55,2021/3/10,49,"H,,S",62,",,S",37,",,S",,,9,17,3
CHM00054511,"BEIJING, CH",39.933,116.283,55,2021/3/11,56,"H,,S",63,",,S",41,",,S",,,13,17,5
CHM00054511,"BEIJING, CH",39.933,116.283,55,2021/3/12,45,"H,,S",63,",,S",,,,,7,17,
CHM00054511,"BEIJING, CH",39.933,116.283,55,2021/3/13,50,"H,,S",,,,,,,10,,
CHM00054511,"BEIJING, CH",39.933,116.283,55,2021/3/14,50,"H,,S",58,",,S",45,",,S",,,10,14,7
CHM00054511,"BEIJING, CH",39.933,116.283,55,2021/3/15,46,"H,,S",56,",,S",,,,,8,13,
CHM00054511,"BEIJING, CH",39.933,116.283,55,2021/3/16,50,"H,,S",60,",,S",40,",,S",,,10,16,4
CHM00054511,"BEIJING, CH",39.933,116.283,55,2021/3/17,49,"H,,S",60,",,S",,,,,9,16,
CHM00054511,"BEIJING, CH",39.933,116.283,55,2021/3/18,44,"H,,S",55,",,S",,,,,7,13,
CHM00054511,"BEIJING, CH",39.933,116.283,55,2021/3/19,43,"H,,S",50,",,S",38,",,S",,,6,10,3
CHM00054511,"BEIJING, CH",39.933,116.283,55,2021/3/20,46,"H,,S",,,,,,,8,,
CHM00054511,"BEIJING, CH",39.933,116.283,55,2021/3/21,49,"H,,S",56,",,S",38,",,S",,,9,13,3
CHM00054511,"BEIJING, CH",39.933,116.283,55,2021/3/22,55,"H,,S",,,,,,,13,,
CHM00054511,"BEIJING, CH",39.933,116.283,55,2021/3/23,57,"H,,S",74,",,S",40,",,S",,,14,23,4
CHM00054511,"BEIJING, CH",39.933,116.283,55,2021/3/24,58,"H,,S",74,",,S",,,,,14,23,
CHM00054511,"BEIJING, CH",39.933,116.283,55,2021/3/25,59,"H,,S",,,43,",,S",,,15,,6
CHM00054511,"BEIJING, CH",39.933,116.283,55,2021/3/26,55,"H,,S",71,",,S",48,",,S",,,13,22,9
CHM00054511,"BEIJING, CH",39.933,116.283,55,2021/3/27,57,"H,,S",65,",,S",,,,,14,18,
CHM00054511,"BEIJING, CH",39.933,116.283,55,2021/3/28,58,"H,,S",,,,,,,14,,
CHM00054511,"BEIJING, CH",39.933,116.283,55,2021/3/29,53,"H,,S",,,,,,,12,,
CHM00054511,"BEIJING, CH",39.933,116.283,55,2021/3/30,59,"H,,S",70,",,S",41,",,S",,,15,21,5
CHM00054511,"BEIJING, CH",39.933,116.283,55,2021/3/31,63,"H,,S",,,,,,,17,,
CHM00054511,"BEIJING, CH",39.933,116.283,55,2021/4/1,61,"H,,S",77,",,S",,,,,16,25,
CHM00054511,"BEIJING, CH",39.933,116.283,55,2021/4/2,57,"H,,S",64,",,S",,,,,14,18,
CHM00054511,"BEIJING, CH",39.933,116.283,55,2021/4/3,53,"H,,S",,,,,,,12,,
CHM00054511,"BEIJING, CH",39.933,116.283,55,2021/4/4,56,"H,,S",,,,,,,13,,
CHM00054511,"BEIJING, CH",39.933,116.283,55,2021/4/5,56,"H,,S",,,,,,,13,,
CHM00054511,"BEIJING, CH",39.933,116.283,55,2021/4/6,58,"H,,S",,,,,,,14,,
CHM00054511,"BEIJING, CH",39.933,116.283,55,2021/4/7,55,"H,,S",70,",,S",,,,,13,21,
CHM00054511,"BEIJING, CH",39.933,116.283,55,2021/4/8,58,"H,,S",68,",,S",41,",,S",,,14,20,5
CHM00054511,"BEIJING, CH",39.933,116.283,55,2021/4/9,53,"H,,S",67,",,S",,,,,12,19,
CHM00054511,"BEIJING, CH",39.933,116.283,55,2021/4/10,60,"H,,S",69,",,S",46,",,S",,,16,21,8
CHM00054511,"BEIJING, CH",39.933,116.283,55,2021/4/11,60,"H,,S",69,",,S",,,,,16,21,
CHM00054511,"BEIJING, CH",39.933,116.283,55,2021/4/12,53,"H,,S",69,",,S",,,,,12,21,
CHM00054511,"BEIJING, CH",39.933,116.283,55,2021/4/13,53,"H,,S",62,",,S",,,,,12,17,
CHM00054511,"BEIJING, CH",39.933,116.283,55,2021/4/14,62,"H,,S",,,40,",,S",,,17,,4
CHM00054511,"BEIJING, CH",39.933,116.283,55,2021/4/15,58,"H,,S",72,",,S",,,,,14,22,
CHM00054511,"BEIJING, CH",39.933,116.283,55,2021/4/16,54,"H,,S",71,",,S",40,",,S",,,12,22,4
CHM00054511,"BEIJING, CH",39.933,116.283,55,2021/4/17,54,"H,,S",70,",,S",,,,,12,21,
CHM00054511,"BEIJING, CH",39.933,116.283,55,2021/4/18,63,"H,,S",77,",,S",40,",,S",,,17,25,4
CHM00054511,"BEIJING, CH",39.933,116.283,55,2021/4/19,68,"H,,S",,,49,",,S",,,20,,9
CHM00054511,"BEIJING, CH",39.933,116.283,55,2021/4/20,68,"H,,S",,,,,,,20,,
CHM00054511,"BEIJING, CH",39.933,116.283,55,2021/4/21,64,"H,,S",80,",,S",,,,,18,27,
CHM00054511,"BEIJING, CH",39.933,116.283,55,2021/4/22,54,"H,,S",71,",,S",,,,,12,22,
CHM00054511,"BEIJING, CH",39.933,116.283,55,2021/4/23,62,"H,,S",,,,,,,17,,
CHM00054511,"BEIJING, CH",39.933,116.283,55,2021/4/24,65,"H,,S",,,51,",,S",,,18,,11
CHM00054511,"BEIJING, CH",39.933,116.283,55,2021/4/25,62,"H,,S",71,",,S",54,",,S",,,17,22,12
CHM00054511,"BEIJING, CH",39.933,116.283,55,2021/4/26,61,"H,,S",72,",,S",,,,,16,22,
CHM00054511,"BEIJING, CH",39.933,116.283,55,2021/4/27,64,"H,,S",,,49,",,S",,,18,,9
CHM00054511,"BEIJING, CH",39.933,116.283,55,2021/4/28,62,"H,,S",,,,,,,17,,
CHM00054511,"BEIJING, CH",39.933,116.283,55,2021/4/29,58,"H,,S",73,",,S",,,,,14,23,
CHM00054511,"BEIJING, CH",39.933,116.283,55,2021/4/30,50,"H,,S",71,",,S",,,,,10,22,
CHM00054511,"BEIJING, CH",39.933,116.283,55,2021/5/1,58,"H,,S",,,39,",,S",,,14,,4
CHM00054511,"BEIJING, CH",39.933,116.283,55,2021/5/2,61,"H,,S",,,41,",,S",,,16,,5
CHM00054511,"BEIJING, CH",39.933,116.283,55,2021/5/3,66,"H,,S",75,",,S",49,",,S",,,19,24,9
CHM00054511,"BEIJING, CH",39.933,116.283,55,2021/5/4,63,"H,,S",,,,,,,17,,
CHM00054511,"BEIJING, CH",39.933,116.283,55,2021/5/5,73,"H,,S",83,",,S",49,",,S",,,23,28,9
CHM00054511,"BEIJING, CH",39.933,116.283,55,2021/5/6,66,"H,,S",83,",,S",,,,,19,28,
CHM00054511,"BEIJING, CH",39.933,116.283,55,2021/5/7,72,"H,,S",,,,,,,22,,
CHM00054511,"BEIJING, CH",39.933,116.283,55,2021/5/8,65,"H,,S",,,,,,,18,,
CHM00054511,"BEIJING, CH",39.933,116.283,55,2021/5/9,68,"H,,S",80,",,S",,,,,20,27,
CHM00054511,"BEIJING, CH",39.933,116.283,55,2021/5/10,64,"H,,S",80,",,S",,,,,18,27,
CHM00054511,"BEIJING, CH",39.933,116.283,55,2021/5/11,64,"H,,S",77,",,S",,,,,18,25,
CHM00054511,"BEIJING, CH",39.933,116.283,55,2021/5/12,71,"H,,S",,,55,",,S",,,22,,13
CHM00054511,"BEIJING, CH",39.933,116.283,55,2021/5/13,67,"H,,S",80,",,S",62,",,S",,,19,27,17
CHM00054511,"BEIJING, CH",39.933,116.283,55,2021/5/14,69,"H,,S",74,",,S",63,",,S",,,21,23,17
CHM00054511,"BEIJING, CH",39.933,116.283,55,2021/5/15,63,"H,,S",74,",,S",,,,,17,23,
CHM00054511,"BEIJING, CH",39.933,116.283,55,2021/5/16,66,"H,,S",,,,,,,19,,
CHM00054511,"BEIJING, CH",39.933,116.283,55,2021/5/17,74,"H,,S",,,50,",,S",,,23,,10
CHM00054511,"BEIJING, CH",39.933,116.283,55,2021/5/18,74,"H,,S",,,57,",,S",,,23,,14
CHM00054511,"BEIJING, CH",39.933,116.283,55,2021/5/19,78,"H,,S",91,",,S",65,",,S",,,26,33,18
CHM00054511,"BEIJING, CH",39.933,116.283,55,2021/5/20,74,"H,,S",87,",,S",,,,,23,31,
CHM00054511,"BEIJING, CH",39.933,116.283,55,2021/5/21,76,"H,,S",,,,,,,24,,
CHM00054511,"BEIJING, CH",39.933,116.283,55,2021/5/22,76,"H,,S",,,,,,,24,,
CHM00054511,"BEIJING, CH",39.933,116.283,55,2021/5/23,71,"H,,S",91,",,S",54,",,S",,,22,33,12
CHM00054511,"BEIJING, CH",39.933,116.283,55,2021/5/24,67,"H,,S",80,",,S",51,",,S",,,19,27,11
CHM00054511,"BEIJING, CH",39.933,116.283,55,2021/5/25,69,"H,,S",83,",,S",51,",,S",,,21,28,11
CHM00054511,"BEIJING, CH",39.933,116.283,55,2021/5/26,66,"H,,S",83,",,S",,,,,19,28,
CHM00054511,"BEIJING, CH",39.933,116.283,55,2021/5/27,70,"H,,S",83,",,S",56,",,S",,,21,28,13
CHM00054511,"BEIJING, CH",39.933,116.283,55,2021/5/28,73,"H,,S",,,,,,,23,,
CHM00054511,"BEIJING, CH",39.933,116.283,55,2021/5/29,71,"H,,S",85,",,S",,,,,22,29,
CHM00054511,"BEIJING, CH",39.933,116.283,55,2021/5/30,70,"H,,S",82,",,S",,,,,21,28,
CHM00054511,"BEIJING, CH",39.933,116.283,55,2021/5/31,60,"H,,S",82,",,S",,,,,16,28,
CHM00054511,"BEIJING, CH",39.933,116.283,55,2021/6/1,71,"H,,S",84,",,S",53,",,S",,,22,29,12
CHM00054511,"BEIJING, CH",39.933,116.283,55,2021/6/2,69,"H,,S",,,,,,,21,,
CHM00054511,"BEIJING, CH",39.933,116.283,55,2021/6/3,74,"H,,S",,,,,,,23,,
CHM00054511,"BEIJING, CH",39.933,116.283,55,2021/6/4,74,"H,,S",88,",,S",,,,,23,31,
CHM00054511,"BEIJING, CH",39.933,116.283,55,2021/6/5,82,"H,,S",,,59,",,S",,,28,,15
CHM00054511,"BEIJING, CH",39.933,116.283,55,2021/6/6,81,"H,,S",95,",,S",65,",,S",,,27,35,18
CHM00054511,"BEIJING, CH",39.933,116.283,55,2021/6/7,74,"H,,S",92,",,S",,,,,23,33,
CHM00054511,"BEIJING, CH",39.933,116.283,55,2021/6/8,77,"H,,S",,,65,",,S",,,25,,18
CHM00054511,"BEIJING, CH",39.933,116.283,55,2021/6/9,70,"H,,S",85,",,S",,,,,21,29,
CHM00054511,"BEIJING, CH",39.933,116.283,55,2021/6/10,78,"H,,S",,,,,,,26,,
CHM00054511,"BEIJING, CH",39.933,116.283,55,2021/6/11,83,"H,,S",,,65,",,S",,,28,,18
CHM00054511,"BEIJING, CH",39.933,116.283,55,2021/6/12,87,"H,,S",,,71,",,S",,,31,,22
CHM00054511,"BEIJING, CH",39.933,116.283,55,2021/6/13,80,"H,,S",98,",,S",,,,,27,37,
CHM00054511,"BEIJING, CH",39.933,116.283,55,2021/6/14,74,"H,,S",94,",,S",71,",,S",,,23,34,22
CHM00054511,"BEIJING, CH",39.933,116.283,55,2021/6/15,77,"H,,S",88,",,S",,,,,25,31,
CHM00054511,"BEIJING, CH",39.933,116.283,55,2021/6/16,70,"H,,S",88,",,S",68,",,S",,,21,31,20
CHM00054511,"BEIJING, CH",39.933,116.283,55,2021/6/17,82,"H,,S",92,",,S",68,",,S",,,28,33,20
CHM00054511,"BEIJING, CH",39.933,116.283,55,2021/6/18,81,"H,,S",,,,,,,27,,
CHM00054511,"BEIJING, CH",39.933,116.283,55,2021/6/19,84,"H,,S",99,",,S",,,,,29,37,
CHM00054511,"BEIJING, CH",39.933,116.283,55,2021/6/20,85,"H,,S",,,66,",,S",,,29,,19
CHM00054511,"BEIJING, CH",39.933,116.283,55,2021/6/21,83,"H,,S",99,",,S",,,,,28,37,
CHM00054511,"BEIJING, CH",39.933,116.283,55,2021/6/22,82,"H,,S",97,",,S",,,,,28,36,
CHM00054511,"BEIJING, CH",39.933,116.283,55,2021/6/23,74,"H,,S",91,",,S",,,,,23,33,
CHM00054511,"BEIJING, CH",39.933,116.283,55,2021/6/24,75,"H,,S",81,",,S",67,",,S",,,24,27,19
CHM00054511,"BEIJING, CH",39.933,116.283,55,2021/6/25,71,"H,,S",83,",,S",,,,,22,28,
CHM00054511,"BEIJING, CH",39.933,116.283,55,2021/6/26,73,"H,,S",83,",,S",66,",,S",,,23,28,19
CHM00054511,"BEIJING, CH",39.933,116.283,55,2021/6/27,83,"H,,S",,,70,",,S",,,28,,21
CHM00054511,"BEIJING, CH",39.933,116.283,55,2021/6/28,80,"H,,S",92,",,S",75,",,S",,,27,33,24
CHM00054511,"BEIJING, CH",39.933,116.283,55,2021/6/29,76,"H,,S",90,",,S",,,,,24,32,
CHM00054511,"BEIJING, CH",39.933,116.283,55,2021/6/30,78,"H,,S",,,,,,,26,,
CHM00054511,"BEIJING, CH",39.933,116.283,55,2021/7/1,71,"H,,S",88,",,S",,,,,22,31,
CHM00054511,"BEIJING, CH",39.933,116.283,55,2021/7/2,78,"H,,S",88,",,S",63,",,S",,,26,31,17
CHM00054511,"BEIJING, CH",39.933,116.283,55,2021/7/3,75,"H,,S",86,",,S",68,",,S",,,24,30,20
CHM00054511,"BEIJING, CH",39.933,116.283,55,2021/7/4,81,"H,,S",94,",,S",68,",,S",,,27,34,20
CHM00054511,"BEIJING, CH",39.933,116.283,55,2021/7/5,76,"H,,S",94,",,S",69,",,S",,,24,34,21
CHM00054511,"BEIJING, CH",39.933,116.283,55,2021/7/6,77,"H,,S",91,",,S",69,",,S",,,25,33,21
CHM00054511,"BEIJING, CH",39.933,116.283,55,2021/7/7,82,"H,,S",91,",,S",71,",,S",,,28,33,22
CHM00054511,"BEIJING, CH",39.933,116.283,55,2021/7/8,81,"H,,S",,,,,,,27,,
CHM00054511,"BEIJING, CH",39.933,116.283,55,2021/7/9,83,"H,,S",93,",,S",72,",,S",,,28,34,22
CHM00054511,"BEIJING, CH",39.933,116.283,55,2021/7/10,83,"H,,S",91,",,S",76,",,S",,,28,33,24
CHM00054511,"BEIJING, CH",39.933,116.283,55,2021/7/11,80,"H,,S",89,",,S",,,,,27,32,
CHM00054511,"BEIJING, CH",39.933,116.283,55,2021/7/12,73,"H,,S",87,",,S",72,",,S",,,23,31,22
CHM00054511,"BEIJING, CH",39.933,116.283,55,2021/7/13,80,"H,,S",88,",,S",72,",,S",,,27,31,22
CHM00054511,"BEIJING, CH",39.933,116.283,55,2021/7/14,82,"H,,S",90,",,S",75,",,S",,,28,32,24
CHM00054511,"BEIJING, CH",39.933,116.283,55,2021/7/15,83,"H,,S",90,",,S",,,,,28,32,
CHM00054511,"BEIJING, CH",39.933,116.283,55,2021/7/16,81,"H,,S",90,",,S",,,,,27,32,
CHM00054511,"BEIJING, CH",39.933,116.283,55,2021/7/17,80,"H,,S",87,",,S",,,,,27,31,
CHM00054511,"BEIJING, CH",39.933,116.283,55,2021/7/18,78,"H,,S",85,",,S",,,,,26,29,
CHM00054511,"BEIJING, CH",39.933,116.283,55,2021/7/19,79,"H,,S",86,",,S",75,",,S",,,26,30,24
CHM00054511,"BEIJING, CH",39.933,116.283,55,2021/7/20,81,"H,,S",89,",,S",,,,,27,32,
CHM00054511,"BEIJING, CH",39.933,116.283,55,2021/7/21,81,"H,,S",89,",,S",,,,,27,32,
CHM00054511,"BEIJING, CH",39.933,116.283,55,2021/7/22,77,"H,,S",,,,,,,25,,
CHM00054511,"BEIJING, CH",39.933,116.283,55,2021/7/23,82,"H,,S",90,",,S",72,",,S",,,28,32,22
CHM00054511,"BEIJING, CH",39.933,116.283,55,2021/7/24,84,"H,,S",,,76,",,S",,,29,,24
CHM00054511,"BEIJING, CH",39.933,116.283,55,2021/7/25,85,"H,,S",93,",,S",,,,,29,34,
CHM00054511,"BEIJING, CH",39.933,116.283,55,2021/7/26,81,"H,,S",93,",,S",,,,,27,34,
CHM00054511,"BEIJING, CH",39.933,116.283,55,2021/7/27,77,"H,,S",91,",,S",,,,,25,33,
CHM00054511,"BEIJING, CH",39.933,116.283,55,2021/7/28,79,"H,,S",85,",,S",,,,,26,29,
CHM00054511,"BEIJING, CH",39.933,116.283,55,2021/7/29,74,"H,,S",85,",,S",72,",,S",,,23,29,22
CHM00054511,"BEIJING, CH",39.933,116.283,55,2021/7/30,76,"H,,S",86,",,S",,,,,24,30,
CHM00054511,"BEIJING, CH",39.933,116.283,55,2021/7/31,84,"H,,S",,,72,",,S",,,29,,22
CHM00054511,"BEIJING, CH",39.933,116.283,55,2021/8/1,81,"H,,S",,,,,,,27,,
CHM00054511,"BEIJING, CH",39.933,116.283,55,2021/8/2,83,"H,,S",91,",,S",73,",,S",,,28,33,23
CHM00054511,"BEIJING, CH",39.933,116.283,55,2021/8/3,81,"H,,S",91,",,S",75,",,S",,,27,33,24
CHM00054511,"BEIJING, CH",39.933,116.283,55,2021/8/4,82,"H,,S",89,",,S",,,,,28,32,
CHM00054511,"BEIJING, CH",39.933,116.283,55,2021/8/5,77,"H,,S",,,,,,,25,,
CHM00054511,"BEIJING, CH",39.933,116.283,55,2021/8/6,80,"H,,S",93,",,S",,,,,27,34,
CHM00054511,"BEIJING, CH",39.933,116.283,55,2021/8/7,82,"H,,S",93,",,S",,,,,28,34,
CHM00054511,"BEIJING, CH",39.933,116.283,55,2021/8/8,80,"H,,S",92,",,S",,,,,27,33,
CHM00054511,"BEIJING, CH",39.933,116.283,55,2021/8/9,76,"H,,S",89,",,S",,,,,24,32,
CHM00054511,"BEIJING, CH",39.933,116.283,55,2021/8/10,81,"H,,S",,,69,",,S",,,27,,21
CHM00054511,"BEIJING, CH",39.933,116.283,55,2021/8/11,80,"H,,S",92,",,S",,,,,27,33,
CHM00054511,"BEIJING, CH",39.933,116.283,55,2021/8/12,78,"H,,S",88,",,S",,,,,26,31,
CHM00054511,"BEIJING, CH",39.933,116.283,55,2021/8/13,78,"H,,S",85,",,S",73,",,S",,,26,29,23
CHM00054511,"BEIJING, CH",39.933,116.283,55,2021/8/14,76,"H,,S",85,",,S",,,,,24,29,
CHM00054511,"BEIJING, CH",39.933,116.283,55,2021/8/15,75,"H,,S",84,",,S",71,",,S",,,24,29,22
CHM00054511,"BEIJING, CH",39.933,116.283,55,2021/8/16,75,"H,,S",84,",,S",,,,,24,29,
